{"bootstrapKeys":[{"baseLog":23,"glweDimension":1,"inputLweDimension":756,"inputSecretKeyID":1,"level":1,"outputSecretKeyID":0,"polynomialSize":2048,"variance":9.9409770026943975e-32}],"functionName":"main","inputs":[{"encryption":{"encoding":{"isSigned":false,"precision":4},"secretKeyID":0,"variance":9.9409770026943975e-32},"shape":{"dimensions":[1,132],"sign":false,"size":132,"width":4}}],"keyswitchKeys":[{"baseLog":3,"inputSecretKeyID":0,"level":5,"outputSecretKeyID":1,"variance":4.8767105615283803e-11}],"outputs":[{"encryption":{"encoding":{"isSigned":false,"precision":4},"secretKeyID":0,"variance":9.9409770026943975e-32},"shape":{"dimensions":[1,41,2],"sign":false,"size":82,"width":4}}],"packingKeyswitchKeys":[],"secretKeys":[{"dimension":2048},{"dimension":756}]}