{"verbose": false, "compiler_debug_mode": false, "compiler_verbose_mode": false, "show_graph": null, "show_bit_width_constraints": null, "show_bit_width_assignments": null, "show_assigned_graph": null, "show_mlir": false, "show_optimizer": null, "show_statistics": null, "dump_artifacts_on_unexpected_failures": true, "enable_unsafe_features": false, "use_insecure_key_cache": false, "insecure_key_cache_location": null, "loop_parallelize": true, "dataflow_parallelize": false, "auto_parallelize": false, "compress_evaluation_keys": false, "p_error": 9.094947017729282e-13, "global_p_error": null, "auto_adjust_rounders": false, "auto_adjust_truncators": false, "single_precision": false, "parameter_selection_strategy": "multi", "show_progress": false, "progress_title": "", "progress_tag": false, "fhe_simulation": false, "fhe_execution": true, "comparison_strategy_preference": [], "bitwise_strategy_preference": [], "shifts_with_promotion": true, "multivariate_strategy_preference": [], "min_max_strategy_preference": [], "composable": false, "use_gpu": false}